uid,first_name,family_name,dob
e31e7cf3-9c4b-4da7-be33-db0e0cf4edd7,Kylie,Wade,21/7/1999
1df722a8-757b-41ec-a8e4-9c77f64c24b5,Jaclyn,Smith,21/7/1995
fcef6ea1-11e2-4b2c-84b6-8a641e0efc92,Courtney,Love,30/1/2001
a394570c-c696-4b03-ac03-83b908ec8c92,Kate,Jackson,29/4/1990
f6d2e62a-ad44-44dd-97cc-56677d6e4231,Farrah,Fawcett,12/1/2001
8b8eef1e-4a3e-4939-8769-8a1e6d5439c7,Minny,Mouse,1/3/1994
d97bd490-7f6c-49b6-b35a-60bf696b4948,Kathryn,Fisher,2/5/1977
599599cb-43fc-469d-8fed-b9560c48e46f,Anton,Hammer,1/10/1998
89479f0d-2e5a-4c5a-82f2-ddc07fafe1f4,Shawn,Gross,17/2/1992
eb2ec654-dbdd-4437-9eda-3b03b1ea13e3,Finn,Helmer,19/5/1998
a4d2cc9d-367a-4ec1-882a-618f34195aa1,Mary,Benjamin,1/4/1996
0ba4476e-a542-470c-a41d-2a8c6a45ddc1,Ben,Denver,3/8/1999
4fd9b407-1238-44c5-ad40-052058484364,Mario,Vidovich,11/2/1979
697df7e0-1419-4d7b-a332-5e783e5340a9,Sammy,Pressler,1/1/2001
78453eea-170f-4fc8-8ec7-acf44e171650,Breeyanna,Bossler,30/8/1993
48e0b7d4-30dc-4871-88a7-465648af9056,Nadia,Escargot,1/1/2000
e04d1ff1-b371-4fea-9abe-7217b3af9c80,Conny,Santamaria,13/9/2002
c95a92b9-83cb-4b27-be40-ec99893a09a2,Regan,Short,29/1/1979
77e0eea7-d977-4c80-8ee4-cbe6a2bddbb8,Nathaniel,Flatfoot,27/9/1977
7e253d80-cd1f-4061-8340-b63cbf7dc17c,Barry,Bunt,12/11/1978
fd1b2bb5-64ca-4542-81d2-b37815973a64,Peter,Patter,7/7/2006
c6d23fae-42a0-47d0-bebf-baee6ebd38eb,Rosy,Rossler,12/10/1997
f48fb093-5161-4314-9fc6-0e62d60cde98,Natasha,Vladivostock,1/12/1994
e10ec1ee-7f34-4d20-a427-2fe6334fc8d9,Nina,Nosey,9/5/1992
f847780c-34a5-4365-a9a2-917fc7be46ff,Lilly,Landscape,14/10/1996
82b15fce-7b00-4048-a670-9a87d7fb6eeb,Andrew,Anderson,23/5/1994
f145f774-7eed-429d-9cc5-1f20ba144be4,Tom,Dressler,8/3/1990
7e4cb900-a09e-4d1d-8b65-ecd3ef51f132,Billie,Endish,31/1/2001
587caef0-3c16-445f-88b0-d252a67475c7,Angelique,Amarosa,18/2/1984
8887103e-1841-4cb5-9d31-7d03078dc4cd,Sandrina,Fatamorgana,27/12/1999
11046b0b-2eab-4bb9-a8b6-e79d5c04a0e0,Melly,Foster,21/6/1992
820ebf24-bd6e-4ef6-b811-b6f0f92c8778,Jo,Sanders,17/3/1999
1bba933e-800d-4993-b4b7-1c28b06a4d92,Danny,Besto,1/9/1981
22e95cbb-5472-424c-b732-e64eeea7062a,Graham,Santopaolo,13/2/1991
0ce2621f-f7c9-4333-9b3b-2abfabba8c89,Chris,McIntire,17/12/1979
eaf1456d-fe19-460b-9b98-ef860fe7b228,Sharon,Will,28/6/1994
5a1e85f2-a569-464d-a60d-edd981af3e59,Ronald,Shepperd,14/4/1994
13bcbf1c-6cd0-4b5d-9603-91e6e650f405,Sophia,Wester,8/5/1995
542bfa13-54c7-4d79-beb3-b2f797a00c9d,Eloise,Wainwright,18/10/1969
c7a76177-e727-4cf7-afc5-ba79f3d72f20,Freddie,Mercury,9/1/1991
c98b532c-9f19-4a9d-94bf-9478d91898a9,Varun,Valderama,12/1/1989
7888c4c6-ea7a-4081-9a00-8f62b99d16c9,Sam,Pelter,1/5/1993
7ba26aee-3c3c-49ff-8232-8c207a4512e0,Lester,McLoud,17/3/1997
417aa9c3-d493-47ae-a08c-92e50e8baf4f,Rosie,Beckham,30/3/1984
df1f963a-7a0c-438b-918c-af3dc205d0fb,Elaine,Johannson,11/4/1994
e8eccc45-fbfe-488b-a597-60860a21c72e,Marina,Antonio,11/3/1995
af68a333-79aa-40ae-92ea-5e49e20b958c,Finn,Gumbo,24/10/1991
e8720508-b732-4e58-82a6-17cfa094012b,Jayson,Palaveno,11/1/1994
84b367ec-3f12-4040-a0ee-ed37d924f80d,Alina,Mostorova,17/11/2001
61277ad3-1a9d-47fa-882b-cc79a8f4ad14,Denny,Bland,1/11/1963